"日期","收盘","开盘","高","低","涨跌幅"
"2026-4-1","1.815","1.820","1.820","1.810","-0.17%"
"2026-3-1","1.818","1.790","1.830","1.710","-0.66%"
"2026-2-1","1.830","1.800","1.820","1.780","1.50%"
"2026-1-1","1.803","1.850","1.880","1.790","-3.17%"
"2025-12-1","1.862","1.830","1.860","1.760","1.64%"
"2025-11-1","1.832","1.740","1.840","1.740","3.85%"
"2025-10-1","1.764","1.880","1.880","1.750","-6.07%"
"2025-9-1","1.878","1.780","1.890","1.750","5.21%"
"2025-8-1","1.785","1.710","1.780","1.690","3.30%"
"2025-7-1","1.728","1.640","1.740","1.640","4.66%"
"2025-6-1","1.651","1.700","1.700","1.620","-2.88%"
"2025-5-1","1.700","1.630","1.710","1.630","4.55%"
"2025-4-1","1.626","1.870","1.870","1.620","-13.05%"
"2025-3-1","1.870","1.770","1.940","1.750","5.65%"
"2025-2-1","1.770","1.620","1.780","1.600","7.93%"
"2025-1-1","1.640","1.610","1.650","1.590","-1.80%"
"2024-12-1","1.670","2.070","2.071","1.668","-18.14%"
"2024-11-1","2.040","2.133","2.183","2.025","-4.23%"
"2024-10-1","2.130","2.148","2.196","2.080","0.00%"
"2024-9-1","2.130","2.270","2.270","2.025","-2.43%"
"2024-8-1","2.183","2.211","2.275","2.099","1.63%"
"2024-7-1","2.148","2.303","2.370","2.126","-2.72%"
"2024-6-1","2.208","2.347","2.410","2.200","-4.83%"
"2024-5-1","2.320","2.442","2.442","2.227","0.48%"
"2024-4-1","2.309","2.400","2.435","2.205","0.35%"
"2024-3-1","2.301","2.363","2.427","2.237","-2.62%"
"2024-2-1","2.363","2.473","2.539","2.341","-2.76%"
"2024-1-1","2.430","2.695","2.695","2.418","-5.78%"
"2023-12-1","2.579","2.719","2.734","2.565","-3.98%"
"2023-11-1","2.686","2.706","2.805","2.645","-0.85%"
"2023-10-1","2.709","2.740","2.767","2.686","-0.22%"
"2023-9-1","2.715","2.594","2.741","2.594","4.87%"
"2023-8-1","2.589","2.811","2.811","2.533","-4.00%"
"2023-7-1","2.697","2.700","2.810","2.636","0.52%"
"2023-6-1","2.683","2.785","2.820","2.622","-1.14%"
"2023-5-1","2.714","2.878","2.878","2.693","-2.55%"
"2023-4-1","2.785","2.913","2.958","2.775","-2.66%"
"2023-3-1","2.861","2.918","2.990","2.850","-1.79%"
"2023-2-1","2.913","2.966","3.020","2.889","-0.51%"
"2023-1-1","2.928","2.947","3.060","2.856","1.53%"
"2022-12-1","2.884","2.932","3.025","2.858","-1.33%"
"2022-11-1","2.923","2.670","2.943","2.650","10.30%"
"2022-10-1","2.650","2.865","2.865","2.636","-4.74%"
"2022-9-1","2.782","2.661","2.800","2.623","5.02%"
"2022-8-1","2.649","2.805","2.805","2.615","-3.99%"
"2022-7-1","2.759","2.853","2.905","2.755","-2.30%"
"2022-6-1","2.824","2.825","2.880","2.776","0.75%"
"2022-5-1","2.803","2.928","2.928","2.742","-1.34%"
"2022-4-1","2.841","2.854","2.922","2.783","0.85%"
"2022-3-1","2.817","2.854","2.935","2.761","0.93%"
"2022-2-1","2.791","2.800","2.887","2.712","1.53%"
"2022-1-1","2.749","2.850","2.890","2.660","-1.22%"
"2021-12-1","2.783","2.903","2.940","2.771","-2.93%"
"2021-11-1","2.867","3.030","3.050","2.848","-3.66%"
"2021-10-1","2.976","3.000","3.108","2.885","3.55%"
"2021-9-1","2.874","2.930","3.000","2.823","0.60%"
"2021-8-1","2.857","2.970","2.980","2.803","0.42%"
"2021-7-1","2.845","3.107","3.210","2.843","-7.72%"
"2021-6-1","3.083","3.112","3.230","3.068","0.19%"
"2021-5-1","3.077","3.208","3.260","3.063","-3.12%"
"2021-4-1","3.176","3.227","3.320","3.145","-0.78%"
"2021-3-1","3.201","3.325","3.360","3.196","-2.68%"
"2021-2-1","3.289","3.250","3.385","3.177","1.92%"
"2021-1-1","3.227","3.278","3.278","3.123","0.75%"
"2020-12-1","3.203","3.369","3.401","3.174","-2.35%"
"2020-11-1","3.280","3.190","3.418","3.166","2.76%"
"2020-10-1","3.192","3.294","3.300","3.161","1.17%"
"2020-9-1","3.155","3.055","3.250","3.038","3.34%"
"2020-8-1","3.053","3.035","3.135","2.940","2.69%"
"2020-7-1","2.973","2.900","3.200","2.870","2.69%"
"2020-6-1","2.895","2.738","3.010","2.703","6.94%"
"2020-5-1","2.707","2.545","2.753","2.540","7.85%"
"2020-4-1","2.510","2.660","2.682","2.490","-5.75%"
"2020-3-1","2.663","2.750","2.865","2.578","-4.82%"
"2020-2-1","2.798","2.850","2.955","2.798","-8.26%"
"2020-1-1","3.050","3.175","3.215","3.015","-3.88%"
"2019-12-1","3.173","3.215","3.287","3.140","-0.60%"
"2019-11-1","3.192","3.343","3.343","3.163","-2.71%"
"2019-10-1","3.281","3.190","3.378","3.115","3.99%"
"2019-9-1","3.155","3.080","3.215","3.015","2.84%"
"2019-8-1","3.068","3.192","3.194","3.015","-3.61%"
"2019-7-1","3.183","3.315","3.315","3.140","-2.93%"
"2019-6-1","3.279","3.320","3.324","3.243","-0.55%"
"2019-5-1","3.297","3.400","3.415","3.265","-3.48%"
"2019-4-1","3.416","3.140","3.480","3.114","11.09%"
"2019-3-1","3.075","3.218","3.280","3.075","-4.15%"
"2019-2-1","3.208","3.143","3.230","3.080","2.49%"
"2019-1-1","3.130","3.280","3.280","3.091","-4.28%"
"2018-12-1","3.270","3.420","3.443","3.268","-3.77%"
"2018-11-1","3.398","3.562","3.588","3.350","-3.82%"
"2018-10-1","3.533","3.640","3.668","3.525","-3.34%"
"2018-9-1","3.655","3.650","3.727","3.605","1.53%"
"2018-8-1","3.600","3.583","3.710","3.465","1.90%"
"2018-7-1","3.533","3.550","3.615","3.444","-0.28%"
"2018-6-1","3.543","3.666","3.722","3.534","-2.83%"
"2018-5-1","3.646","3.700","3.780","3.621","-0.19%"
"2018-4-1","3.653","3.800","3.800","3.520","-3.31%"
"2018-3-1","3.778","3.860","3.975","3.733","-2.05%"
"2018-2-1","3.857","3.986","3.990","3.847","-2.21%"
"2018-1-1","3.944","3.950","4.120","3.881","0.74%"
"2017-12-1","3.915","3.925","3.995","3.880","-0.05%"
"2017-11-1","3.917","3.919","4.033","3.871","0.03%"
"2017-10-1","3.916","3.700","3.917","3.630","7.64%"
"2017-9-1","3.638","3.714","3.714","3.599","-1.01%"
"2017-8-1","3.675","3.640","3.736","3.602","1.27%"
"2017-7-1","3.629","3.580","3.643","3.553","1.43%"
"2017-6-1","3.578","3.677","3.725","3.488","-2.51%"
"2017-5-1","3.670","3.500","3.717","3.455","5.55%"
"2017-4-1","3.477","3.334","3.519","3.280","5.05%"
"2017-3-1","3.310","3.395","3.451","3.257","-1.43%"
"2017-2-1","3.358","3.400","3.500","3.342","-0.15%"
"2017-1-1","3.363","3.030","3.363","3.030","9.69%"
"2016-12-1","3.066","2.948","3.401","2.948","4.18%"
"2016-11-1","2.943","2.753","2.964","2.688","7.25%"
"2016-10-1","2.744","2.780","2.780","2.601","-0.90%"
"2016-9-1","2.769","2.825","2.834","2.715","-1.28%"
"2016-8-1","2.805","2.850","2.850","2.620","0.00%"
"2016-7-1","2.805","2.871","2.888","2.798","-2.43%"
"2016-6-1","2.875","2.997","3.040","2.825","-4.01%"
"2016-5-1","2.995","3.000","3.017","2.909","1.66%"
"2016-4-1","2.946","2.910","3.030","2.873","2.08%"
"2016-3-1","2.886","2.905","2.963","2.872","-0.79%"
"2016-2-1","2.909","2.920","2.950","2.830","0.00%"
"2016-1-1","2.909","2.850","2.940","2.754","1.64%"
"2015-12-1","2.862","3.088","3.100","2.828","-7.32%"
"2015-11-1","3.088","3.100","3.257","3.084","0.03%"
"2015-10-1","3.087","3.300","3.300","3.000","-5.77%"
"2015-9-1","3.276","3.407","3.407","3.272","-3.48%"
"2015-8-1","3.394","3.530","3.573","3.378","-2.30%"
"2015-7-1","3.474","3.638","3.653","3.443","-4.27%"
"2015-6-1","3.629","3.650","3.676","3.580","1.06%"
"2015-5-1","3.591","3.430","3.608","3.385","4.94%"
"2015-4-1","3.422","3.620","3.750","3.413","-5.55%"
"2015-3-1","3.623","3.400","3.650","3.340","7.22%"
"2015-2-1","3.379","3.530","3.540","3.335","-3.84%"
"2015-1-1","3.514","3.700","3.700","3.448","-3.67%"
"2014-12-1","3.648","3.550","3.850","3.533","2.88%"
"2014-11-1","3.546","3.800","3.800","3.483","-6.34%"
"2014-10-1","3.786","4.030","4.100","3.760","-6.01%"
"2014-9-1","4.028","4.300","4.380","4.024","-5.18%"
"2014-8-1","4.248","4.310","4.320","4.213","-1.16%"
"2014-7-1","4.298","4.070","4.350","4.040","5.86%"
"2014-6-1","4.060","4.050","4.130","3.990","-2.40%"
"2014-5-1","4.160","4.370","4.540","4.090","-3.93%"
"2014-4-1","4.330","4.540","4.600","4.280","-3.35%"
"2014-3-1","4.480","4.430","4.560","4.350","1.36%"
"2014-2-1","4.420","4.540","4.620","4.340","-2.86%"
"2014-1-1","4.550","4.630","4.710","4.450","-1.73%"
"2013-12-1","4.630","4.400","4.680","4.370","5.31%"
"2013-11-1","4.397","4.200","4.770","4.050","4.19%"
"2013-10-1","4.220","4.200","4.260","3.970","4.20%"
"2013-9-1","4.050","4.060","4.200","3.960","0.00%"
"2013-8-1","4.050","3.720","4.130","3.600","12.50%"
"2013-7-1","3.600","3.540","3.850","3.490","0.00%"
"2013-6-1","3.600","3.460","3.650","3.360","4.50%"
"2013-5-1","3.445","3.600","3.600","3.237","-1.57%"
"2013-4-1","3.500","3.550","3.640","3.251","1.63%"
"2013-3-1","3.444","3.650","3.670","3.284","-4.33%"
"2013-2-1","3.600","3.630","3.670","3.490","0.00%"
"2013-1-1","3.600","3.580","3.650","3.490","0.70%"
"2012-12-1","3.575","3.550","3.640","3.390","0.09%"
"2012-11-1","3.572","3.586","3.710","3.390","0.05%"
"2012-10-1","3.570","3.480","3.710","3.340","2.88%"
"2012-9-1","3.470","3.410","3.650","3.210","0.58%"
"2012-8-1","3.450","3.290","3.460","3.260","3.60%"
"2012-7-1","3.330","3.330","3.450","3.219","-1.19%"
"2012-6-1","3.370","3.380","3.500","3.290","-3.71%"
"2012-5-1","3.500","3.540","3.600","3.300","-1.41%"
"2012-4-1","3.550","3.560","3.600","3.500","0.00%"
"2012-3-1","3.550","3.530","3.603","3.400","0.00%"
"2012-2-1","3.550","3.410","3.700","3.380","4.41%"
"2012-1-1","3.400","3.420","3.550","3.375","-4.23%"
"2011-12-1","3.550","3.550","3.760","3.410","-1.93%"
"2011-11-1","3.620","3.760","3.870","3.550","-4.99%"
"2011-10-1","3.810","3.860","4.150","3.710","-1.55%"
"2011-9-1","3.870","4.100","4.200","3.860","-3.25%"
"2011-8-1","4.000","4.070","4.200","3.870","-2.91%"
"2011-7-1","4.120","3.900","4.200","3.764","6.19%"
"2011-6-1","3.880","3.880","4.114","3.800","1.04%"
"2011-5-1","3.840","3.910","4.044","3.810","-1.03%"
"2011-4-1","3.880","3.950","4.068","3.770","-1.77%"
"2011-3-1","3.950","4.050","4.100","3.770","-2.47%"
"2011-2-1","4.050","4.030","4.200","3.850","4.11%"
"2011-1-1","3.890","3.850","4.100","3.769","-0.26%"
"2010-12-1","3.900","3.970","4.100","3.765","0.00%"
"2010-11-1","3.900","3.700","4.100","3.380","6.27%"
"2010-10-1","3.670","3.340","3.730","3.220","12.82%"
"2010-9-1","3.253","3.230","3.400","3.170","0.99%"
"2010-8-1","3.221","3.300","3.400","3.180","-2.69%"
"2010-7-1","3.310","3.300","3.440","3.150","-0.60%"
"2010-6-1","3.330","3.230","3.510","3.180","0.60%"
"2010-5-1","3.310","3.340","3.525","3.140","-0.90%"
"2010-4-1","3.340","3.388","3.650","3.300","-6.70%"
"2010-3-1","3.580","3.500","3.650","3.300","0.85%"
"2010-2-1","3.550","3.600","3.720","3.400","-1.39%"
"2010-1-1","3.600","3.640","3.770","3.510","0.00%"
"2009-12-1","3.600","3.580","3.750","3.510","1.12%"
"2009-11-1","3.560","3.750","3.820","3.540","-3.78%"
"2009-10-1","3.700","3.530","3.800","3.430","4.52%"
"2009-9-1","3.540","3.480","3.640","3.380","-0.28%"
"2009-8-1","3.550","3.475","3.640","2.940","0.00%"
"2009-7-1","3.550","3.170","3.650","3.000","8.23%"
"2009-6-1","3.280","3.060","3.350","3.000","7.19%"
"2009-5-1","3.060","3.120","3.780","3.000","-3.77%"
"2009-4-1","3.180","3.180","3.351","3.070","0.63%"
"2009-3-1","3.160","3.301","3.451","3.015","1.94%"
"2009-2-1","3.100","3.120","3.500","2.996","0.03%"
"2009-1-1","3.099","2.760","3.300","2.635","12.73%"
"2008-12-1","2.749","3.100","3.100","2.660","-5.98%"
"2008-11-1","2.924","3.070","3.400","2.750","-1.71%"
"2008-10-1","2.975","3.703","3.979","2.950","-19.68%"
"2008-9-1","3.704","4.180","4.595","3.679","-13.26%"
"2008-8-1","4.270","4.600","4.894","4.180","-6.91%"
"2008-7-1","4.587","4.520","4.938","4.191","3.06%"
"2008-6-1","4.451","4.076","4.750","4.076","6.59%"
"2008-5-1","4.176","4.100","4.280","4.050","2.35%"
"2008-4-1","4.080","4.100","4.315","3.867","-1.69%"
"2008-3-1","4.150","4.300","4.319","3.980","0.48%"
"2008-2-1","4.130","4.250","4.450","4.071","-3.95%"
"2008-1-1","4.300","4.521","4.600","4.200","-5.49%"
"2007-12-1","4.550","4.580","4.700","4.382","-1.37%"
"2007-11-1","4.613","4.522","4.700","4.439","2.03%"
"2007-10-1","4.521","4.418","4.655","4.196","1.39%"
"2007-9-1","4.459","4.260","4.799","4.189","1.36%"
"2007-8-1","4.399","4.336","4.701","4.099","0.87%"
"2007-7-1","4.361","4.361","4.361","4.361","1.77%"
"2007-6-1","4.285","4.285","4.285","4.285","-0.33%"
"2007-5-1","4.299","4.299","4.299","4.299","18.07%"
"2007-4-1","3.641","3.641","3.641","3.641","7.15%"
"2007-3-1","3.398","3.398","3.398","3.398","8.49%"
"2007-2-1","3.132","3.132","3.132","3.132","1.69%"
"2007-1-1","3.080","3.080","3.080","3.080","-0.06%"
"2006-12-1","3.082","3.082","3.082","3.082","2.09%"
"2006-11-1","3.019","3.019","3.019","3.019","1.79%"
"2006-10-1","2.966","2.966","2.966","2.966","-10.18%"
"2006-9-1","3.302","3.302","3.302","3.302","-0.63%"
"2006-8-1","3.323","3.323","3.323","3.323","-1.98%"
"2006-7-1","3.390","3.390","3.390","3.390","8.24%"
"2006-6-1","3.132","3.132","3.132","3.132","2.79%"
"2006-5-1","3.047","3.047","3.047","3.047","0.00%"
"2006-4-1","3.047","3.047","3.047","3.047","3.36%"
"2006-3-1","2.948","2.948","2.948","2.948","-0.74%"
"2006-2-1","2.970","2.970","2.970","2.970","-5.23%"
"2006-1-1","3.134","3.134","3.134","3.134","-5.06%"
"2005-12-1","3.301","3.301","3.301","3.301","0.24%"
"2005-11-1","3.293","3.293","3.293","3.293","3.75%"
"2005-10-1","3.174","3.174","3.174","3.174","-4.54%"
"2005-9-1","3.325","3.325","3.325","3.325","-5.49%"
"2005-8-1","3.518","3.518","3.518","3.518","-0.85%"
"2005-7-1","3.548","3.548","3.548","3.548","-8.42%"
"2005-6-1","3.874","3.874","3.874","3.874","-6.27%"
"2005-5-1","4.133","4.133","4.133","4.133","-5.14%"
"2005-4-1","4.357","4.357","4.357","4.357","-1.22%"
"2005-3-1","4.411","4.411","4.411","4.411","-5.59%"
"2005-2-1","4.672","4.672","4.672","4.672","0.54%"
"2005-1-1","4.647","4.647","4.647","4.647","2.51%"
"2004-12-1","4.533","4.533","4.533","4.533","-4.63%"
"2004-11-1","4.753","4.753","4.753","4.753","-0.79%"
"2004-10-1","4.791","4.791","4.791","4.791","0.02%"
"2004-9-1","4.790","4.790","4.790","4.790","-3.25%"
"2004-8-1","4.951","4.951","4.951","4.951","6.61%"
"2004-7-1","4.644","4.644","4.644","4.644","2.11%"
"2004-6-1","4.548","4.548","4.548","4.548","10.52%"
"2004-5-1","4.115","4.115","4.115","4.115","0.56%"
"2004-4-1","4.092","4.092","4.092","4.092","2.81%"
"2004-3-1","3.980","3.980","3.980","3.980","0.81%"
"2004-2-1","3.948","3.948","3.948","3.948","5.00%"
"2004-1-1","3.760","3.760","3.760","3.760","0.13%"
"2003-12-1","3.755","3.755","3.755","3.755","-0.77%"
"2003-11-1","3.784","3.784","3.784","3.784","4.33%"
"2003-10-1","3.627","3.627","3.627","3.627","6.36%"
"2003-9-1","3.410","3.410","3.410","3.410","15.99%"
"2003-8-1","2.940","2.940","2.940","2.940","1.31%"
"2003-7-1","2.902","2.902","2.902","2.902","-2.75%"
"2003-6-1","2.984","2.984","2.984","2.984","3.00%"
"2003-5-1","2.897","2.897","2.897","2.897","-7.18%"
"2003-4-1","3.121","3.121","3.121","3.121","5.33%"
"2003-3-1","2.963","2.963","2.963","2.963","-1.53%"
"2003-2-1","3.009","3.009","3.009","3.009","-1.57%"
"2003-1-1","3.057","3.057","3.057","3.057","-1.36%"
"2002-12-1","3.099","3.099","3.099","3.099","-6.71%"
"2002-11-1","3.322","3.322","3.322","3.322","8.28%"
"2002-10-1","3.068","3.068","3.068","3.068","-0.42%"
"2002-9-1","3.081","3.081","3.081","3.081","8.22%"
"2002-8-1","2.847","2.847","2.847","2.847","-0.80%"
"2002-7-1","2.870","2.870","2.870","2.870","13.44%"